excipient_name,excipient_id,excipient_inchi,excipient_inchikey,excipient_chembl_id,excipient_pchem_cid
TITANIUM DIOXIDE,1,InChI=1S/2O.Ti,GWEVSGVZZGPLCZ-UHFFFAOYSA-N,,26042
MANNITOL,2,"InChI=1S/C6H14O6/c7-1-3(9)5(11)6(12)4(10)2-8/h3-12H,1-2H2/t3-,4-,5-,6-/m1/s1",FBPFZTCFMRRESA-KVTDHHQDSA-N,CHEMBL689,6251
LACTOSE MONOHYDRATE,3,"InChI=1S/C12H22O11.H2O/c13-1-3-5(15)6(16)9(19)12(22-3)23-10-4(2-14)21-11(20)8(18)7(10)17;/h3-20H,1-2H2;1H2/t3-,4-,5+,6+,7-,8-,9-,10-,11+,12+;/m1./s1",WSVLPVUVIUVCRA-KPKNDVKVSA-N,,104938
HYPROMELLOSE,4,,,,
MAGNESIUM STEARATE,5,"InChI=1S/2C18H36O2.Mg/c2*1-2-3-4-5-6-7-8-9-10-11-12-13-14-15-16-17-18(19)20;/h2*2-17H2,1H3,(H,19,20);/q;;+2/p-2",HQKMJHAJHXVSDF-UHFFFAOYSA-L,CHEMBL2106633,
HYDROXYPROPYLCELLULOSE,6,,,,
SODIUM STARCH GLYCOLATE,7,,,,
GLYCEROL TRIACETATE,8,"InChI=1S/C9H14O6/c1-6(10)13-4-9(15-8(3)12)5-14-7(2)11/h9H,4-5H2,1-3H3",URAYPUMNDPQOKB-UHFFFAOYSA-N,CHEMBL1489254,5541
IRON OXIDE,9,InChI=1S/2Fe.3O,JEIPFZHSYJVQDO-UHFFFAOYSA-N,,518696
MICROCRYSTALLINE CELLULOSE,10,,,,
POLYETHYLENE GLYCOL,11,,,,
TALC,12,InChI=1S/3Mg.2HO3Si.2O3Si/c;;;4*1-4(2)3/h;;;2*1H;;/q3*+2;2*-1;2*-2,KNXVOGGZOFOROK-UHFFFAOYSA-N,,
"SILICON DIOXIDE, ANHYDROUS",13,,,,
INDIGO CARMINE,14,"InChI=1S/C16H10N2O8S2.2Na/c19-15-9-5-7(27(21,22)23)1-3-11(9)17-13(15)14-16(20)10-6-8(28(24,25)26)2-4-12(10)18-14;;/h1-6,17,19H,(H,21,22,23)(H,24,25,26);;/q;2*+1/p-2",JFVXEJADITYJHK-UHFFFAOYSA-L,,
MAIZE STARCH,15,,,,
POLYSORBATE,16,,,,
SUCROSE,17,"InChI=1S/C12H22O11/c13-1-4-6(16)8(18)9(19)11(21-4)23-12(3-15)10(20)7(17)5(2-14)22-12/h4-11,13-20H,1-3H2/t4-,5-,6-,7-,8+,9-,10+,11-,12+/m1/s1",CZMRCDWAGMRECN-UGDNZRGBSA-N,CHEMBL253582,5988
POVIDONE,18,"InChI=1S/C6H9NO/c1-2-7-5-3-4-6(7)8/h2H,1,3-5H2",WHNWPMSKXPGLAX-UHFFFAOYSA-N,CHEMBL1878943,6917
CROSCARMELLOSE SODIUM,19,"InChI=1S/C6H12O6.C2H4O2.Na/c7-1-3(9)5(11)6(12)4(10)2-8;1-2(3)4;/h1,3-6,8-12H,2H2;1H3,(H,3,4);",DPXJVFZANSGRMM-UHFFFAOYSA-N,,6328154
GLYCEROL,20,"InChI=1S/C3H8O3/c4-1-3(6)2-5/h3-6H,1-2H2",PEDCQBHIVMGVHV-UHFFFAOYSA-N,CHEMBL692,753
GELATIN,21,,,,
WATER,22,InChI=1S/H2O/h1H2,XLYOFNOQVPJJNP-UHFFFAOYSA-N,CHEMBL1098659,
SHELLAC,23,"InChI=1S/C15H20O6.C15H30O5/c1-14(6-16)9-5-15(11(17)4-7(9)12(18)19)8(13(20)21)2-3-10(14)15;16-12-8-4-6-10-14(18)13(17)9-5-2-1-3-7-11-15(19)20/h4,8-11,16-17H,2-3,5-6H2,1H3,(H,18,19)(H,20,21);13-14,16-18H,1-12H2,(H,19,20)/t8-,9-,10?,11-,14+,15?;/m0./s1",ZLGIYFNHBLSMPS-ATJNOEHPSA-N,,6850749
ERYTHROSINE,24,"InChI=1S/C20H8I4O5.2Na/c21-11-5-9-17(13(23)15(11)25)28-18-10(6-12(22)16(26)14(18)24)20(9)8-4-2-1-3-7(8)19(27)29-20;;/h1-6,25-26H;;/q;2*+1/p-2",RAGZEDHHTPQLAI-UHFFFAOYSA-L,CHEMBL2106219,
PRINTING INK,25,,,,
AMMONIA,26,InChI=1S/H3N/h1H3,QGZKDVFQNNGYKY-UHFFFAOYSA-N,CHEMBL1160819,222
PROPYLENE GLYCOL,27,"InChI=1S/C3H8O2/c1-3(5)2-4/h3-5H,2H2,1H3",DNIAPMSPPWPWGF-UHFFFAOYSA-N,CHEMBL286398,1030
SODIUM LAURIL SULFATE,28,"InChI=1S/C12H26O4S.Na/c1-2-3-4-5-6-7-8-9-10-11-12-16-17(13,14)15;/h2-12H2,1H3,(H,13,14,15);/q;+1/p-1",DBMJMQXJHONAFJ-UHFFFAOYSA-M,CHEMBL23393,
POTASSIUM HYDROXIDE,29,InChI=1S/K.H2O/h;1H2/q+1;/p-1,KWYUFKZDYYNOTN-UHFFFAOYSA-M,CHEMBL2103983,
XYLITOL,30,"InChI=1S/C5H12O5/c6-1-3(8)5(10)4(9)2-7/h3-10H,1-2H2/t3-,4+,5?",HEBKCHPVOIAQTA-NGQZWQHPSA-N,CHEMBL1865120,6912
GLYCEROL DIBEHENATE,31,"InChI=1S/C47H92O5/c1-3-5-7-9-11-13-15-17-19-21-23-25-27-29-31-33-35-37-39-41-46(49)51-44-45(43-48)52-47(50)42-40-38-36-34-32-30-28-26-24-22-20-18-16-14-12-10-8-6-4-2/h45,48H,3-44H2,1-2H3",GNWCZBXSKIIURR-UHFFFAOYSA-N,,9831860
LECITHIN,32,"InChI=1S/C42H80NO8P/c1-6-8-10-12-14-16-18-20-21-23-25-27-29-31-33-35-42(45)51-40(39-50-52(46,47)49-37-36-43(3,4)5)38-48-41(44)34-32-30-28-26-24-22-19-17-15-13-11-9-7-2/h14,16,20-21,40H,6-13,15,17-19,22-39H2,1-5H3/b16-14-,21-20-/t40-/m1/s1",JLPULHDHAOZNQI-ZTIMHPMXSA-N,,5287971
POLYVINYL ALCOHOL,33,,,,
POLOXAMER,34,"InChI=1S/C3H6O.C2H4O/c1-3-2-4-3;1-2-3-1/h3H,2H2,1H3;1-2H2",RVGRUAULSDPKGF-UHFFFAOYSA-N,,24751
CROSPOVIDONE,35,"InChI=1S/C6H13NOP2/c8-5-2-1-3-7(5)6(10)4-9/h6H,1-4,9-10H2",LQIAZOCLNBBZQK-UHFFFAOYSA-N,,131751496
ALPHA-TOCOPHEROL,36,"InChI=1S/C29H50O2/c1-20(2)12-9-13-21(3)14-10-15-22(4)16-11-18-29(8)19-17-26-25(7)27(30)23(5)24(6)28(26)31-29/h20-22,30H,9-19H2,1-8H3/t21-,22-,29-/m1/s1",GVJHHUAWPYXKBD-IEOSBIPESA-N,CHEMBL47,14985
PROPYLENE CARBONATE,37,"InChI=1S/C4H6O3/c1-3-2-6-4(5)7-3/h3H,2H2,1H3",RUOJZAUFBMNUDX-UHFFFAOYSA-N,CHEMBL1733973,7924
BUTYLHYDROXYTOLUENE,38,"InChI=1S/C15H24O/c1-10-8-11(14(2,3)4)13(16)12(9-10)15(5,6)7/h8-9,16H,1-7H3",NLZUEZXRPGMBCV-UHFFFAOYSA-N,CHEMBL146,31404
LIQUID PARAFFIN,39,,,,
PARAFFIN,40,"InChI=1S/C15H10O7.ClH/c16-7-3-9(17)8-5-12(20)15(22-13(8)4-7)6-1-10(18)14(21)11(19)2-6;/h1-5H,(H5-,16,17,18,19,20,21);1H",FFNDMZIBVDSQFI-UHFFFAOYSA-N,CHEMBL590878,68245
WHITE WAX,41,,,,
PETROLATUM,42,,,,
PONCEAU 4R,43,"InChI=1S/C20H14N2O10S3.3Na/c23-16-7-5-11-9-12(33(24,25)26)10-18(35(30,31)32)19(11)20(16)22-21-15-6-8-17(34(27,28)29)14-4-2-1-3-13(14)15;;;/h1-10,23H,(H,24,25,26)(H,27,28,29)(H,30,31,32);;;/q;3*+1/p-3",SWGJCIMEBVHMTA-UHFFFAOYSA-K,,
ETHYLCELLULOSE,44,"InChI=1S/C20H38O11/c1-6-26-10-12-16(17(27-7-2)18(28-8-3)20(25-5)30-12)31-19-14(23)13(22)15(24-4)11(9-21)29-19/h11-23H,6-10H2,1-5H3",ZZSNKZQZMQGXPY-UHFFFAOYSA-N,,24832091
PREGELATINISED STARCH,45,,,,
SODIUM CHLORIDE,46,InChI=1S/ClH.Na/h1H;/q;+1/p-1,FAPWRFPIFSIZLT-UHFFFAOYSA-M,CHEMBL1200574,
SODIUM ACETATE TRIHYDRATE,47,"InChI=1S/C2H4O2.Na.3H2O/c1-2(3)4;;;;/h1H3,(H,3,4);;3*1H2/q;+1;;;/p-1",AYRVGWHSXIMRAB-UHFFFAOYSA-M,,
ACETIC ACID,48,"InChI=1S/C2H4O2/c1-2(3)4/h1H3,(H,3,4)",QTBSBXVTEAMEQO-UHFFFAOYSA-N,CHEMBL539,
MAGNESIUM CHLORIDE HEXAHYDRATE,49,InChI=1S/2ClH.Mg.6H2O/h2*1H;;6*1H2/q;;+2;;;;;;/p-2,DHRRIBDTHFBPNG-UHFFFAOYSA-L,CHEMBL3185229,
METHACRYLIC ACID AND ETHYL ACRYLATE CO-POLYMERS,50,,,,
BRILLIANT BLUE,51,"InChI=1S/C37H36N2O9S3.2Na/c1-3-38(25-27-9-7-11-33(23-27)49(40,41)42)31-19-15-29(16-20-31)37(35-13-5-6-14-36(35)51(46,47)48)30-17-21-32(22-18-30)39(4-2)26-28-10-8-12-34(24-28)50(43,44)45;;/h5-24H,3-4,25-26H2,1-2H3,(H2-,40,41,42,43,44,45,46,47,48);;/q;2*+1/p-2",SGHZXLIDFTYFHQ-UHFFFAOYSA-L,CHEMBL3184128,
METHACRYLIC ACID AND METHYL METHACRYLATE CO-POLYMERS,52,,,,
TRIETHYL CITRATE,53,"InChI=1S/C12H20O7/c1-4-17-9(13)7-12(16,11(15)19-6-3)8-10(14)18-5-2/h16H,4-8H2,1-3H3",DOOTYTYQINUNNV-UHFFFAOYSA-N,CHEMBL464988,6506
ASPARTAME,54,"InChI=1S/C14H18N2O5/c1-21-14(20)11(7-9-5-3-2-4-6-9)16-13(19)10(15)8-12(17)18/h2-6,10-11H,7-8,15H2,1H3,(H,16,19)(H,17,18)/t10-,11-/m0/s1",IAOZJIPTCAWIRG-QWRGUYRKSA-N,CHEMBL171679,
CARBOMER,55,,,,
SODIUM HYDROXIDE,56,InChI=1S/Na.H2O/h;1H2/q+1;/p-1,HEMHJVSKTPXQMS-UHFFFAOYSA-M,CHEMBL2105794,
TYLOXAPOL,57,"InChI=1S/C14H22O.C2H4O.CH2O/c1-13(2,3)10-14(4,5)11-6-8-12(15)9-7-11;1-2-3-1;1-2/h6-9,15H,10H2,1-5H3;1-2H2;1H2",MDYZKJNTKZIUSK-UHFFFAOYSA-N,,71388
BORIC ACID,58,InChI=1S/BH3O3/c2-1(3)4/h2-4H,KGBXLFKZBHKPEV-UHFFFAOYSA-N,CHEMBL42403,7628
BENZALKONIUM CHLORIDE,59,,,,
HYDROCHLORIC ACID,60,InChI=1S/ClH/h1H,VEXZGXHMUGYJMC-UHFFFAOYSA-N,CHEMBL1231821,
POLYVINYL ALCOHOL PART. HYDROLISED,61,,,,
PROPYL GALLATE,62,"InChI=1S/C10H12O5/c1-2-3-15-10(14)6-4-7(11)9(13)8(12)5-6/h4-5,11-13H,2-3H2,1H3",ZTHYODDOHIVTJV-UHFFFAOYSA-N,CHEMBL7983,4947
SODIUM STEARYL FUMARATE,63,"InChI=1S/C22H40O4.Na/c1-2-3-4-5-6-7-8-9-10-11-12-13-14-15-16-17-20-26-22(25)19-18-21(23)24;/h18-19H,2-17,20H2,1H3,(H,23,24);/q;+1/p-1/b19-18+;",STFSJTPVIIDAQX-LTRPLHCISA-M,CHEMBL2107515,
SODIUM CITRATE,64,"InChI=1S/C6H8O7.3Na/c7-3(8)1-6(13,5(11)12)2-4(9)10;;;/h13H,1-2H2,(H,7,8)(H,9,10)(H,11,12);;;/q;3*+1/p-3",HRXKRNGNAMMEHJ-UHFFFAOYSA-K,CHEMBL1355,
CALCIUM STEARATE,65,"InChI=1S/2C18H36O2.Ca/c2*1-2-3-4-5-6-7-8-9-10-11-12-13-14-15-16-17-18(19)20;/h2*2-17H2,1H3,(H,19,20);/q;;+2/p-2",CJZGTCYPCWQAJB-UHFFFAOYSA-L,CHEMBL2106092,
TROLAMINE,66,"InChI=1S/C6H15NO3/c8-4-1-7(2-5-9)3-6-10/h8-10H,1-6H2",GSEJCLTVZPLZKY-UHFFFAOYSA-N,CHEMBL446061,7618
DISTEAROYLPHOSPHATIDYLCHOLINE,67,"InChI=1S/C44H88NO8P/c1-6-8-10-12-14-16-18-20-22-24-26-28-30-32-34-36-43(46)50-40-42(41-52-54(48,49)51-39-38-45(3,4)5)53-44(47)37-35-33-31-29-27-25-23-21-19-17-15-13-11-9-7-2/h42H,6-41H2,1-5H3/p+1/t42-/m1/s1",NRJAVPSFFCBXDT-HUESYALOSA-O,,94191
DISTEAROYLPHOSPHATIDYLGLYCEROL,68,"InChI=1S/C42H83O10P/c1-3-5-7-9-11-13-15-17-19-21-23-25-27-29-31-33-41(45)49-37-40(38-51-53(47,48)50-36-39(44)35-43)52-42(46)34-32-30-28-26-24-22-20-18-16-14-12-10-8-6-4-2/h39-40,43-44H,3-38H2,1-2H3,(H,47,48)",FVJZSBGHRPJMMA-UHFFFAOYSA-N,,65145
CHOLESTEROL,69,"InChI=1S/C27H46O/c1-18(2)7-6-8-19(3)23-11-12-24-22-10-9-20-17-21(28)13-15-26(20,4)25(22)14-16-27(23,24)5/h9,18-19,21-25,28H,6-8,10-17H2,1-5H3/t19-,21+,22+,23-,24+,25+,26+,27-/m1/s1",HVYWMOMLDIMFJA-DPAQBDIFSA-N,CHEMBL112570,5997
COPPER GLUCONATE,70,"InChI=1S/2C6H12O7.Cu/c2*7-1-2(8)3(9)4(10)5(11)6(12)13;/h2*2-5,7-11H,1H2,(H,12,13);/q;;+2/p-2/t2*2-,3-,4+,5-;/m11./s1",OCUCCJIRFHNWBP-IYEMJOQQSA-L,,
CALCIUM HYDROGEN PHOSPHATE,71,"InChI=1S/Ca.H3O4P/c;1-5(2,3)4/h;(H3,1,2,3,4)/q+2;/p-2",FUFJGUQYACFECW-UHFFFAOYSA-L,CHEMBL2107567,
MEGLUMINE,72,"InChI=1S/C7H17NO5/c1-8-2-4(10)6(12)7(13)5(11)3-9/h4-13H,2-3H2,1H3/t4-,5+,6+,7+/m0/s1",MBBZMMPHUWSWHV-BDVNFPICSA-N,CHEMBL1200570,8567
SUNSET YELLOW,73,"InChI=1S/C16H12N2O7S2.2Na/c19-15-8-1-10-9-13(27(23,24)25)6-7-14(10)16(15)18-17-11-2-4-12(5-3-11)26(20,21)22;;/h1-9,19H,(H,20,21,22)(H,23,24,25);;/q;2*+1/p-2",OIQPTROHQCGFEF-UHFFFAOYSA-L,,
SUCROSE OCTASULPHATE,74,"InChI=1S/C12H22O35S8/c13-48(14,15)37-1-4-6(43-51(22,23)24)8(45-53(28,29)30)9(46-54(31,32)33)11(40-4)42-12(3-39-50(19,20)21)10(47-55(34,35)36)7(44-52(25,26)27)5(41-12)2-38-49(16,17)18/h4-11H,1-3H2,(H,13,14,15)(H,16,17,18)(H,19,20,21)(H,22,23,24)(H,25,26,27)(H,28,29,30)(H,31,32,33)(H,34,35,36)/t4-,5-,6-,7-,8+,9-,10+,11-,12+/m1/s1",WEPNHBQBLCNOBB-UGDNZRGBSA-N,CHEMBL1235872,444237
DSPE-MPEG2000,75,"InChI=1S/C45H88NO11P.Na/c1-4-6-8-10-12-14-16-18-20-22-24-26-28-30-32-34-43(47)54-40-42(41-56-58(50,51)55-37-36-46-45(49)53-39-38-52-3)57-44(48)35-33-31-29-27-25-23-21-19-17-15-13-11-9-7-5-2;/h42H,4-41H2,1-3H3,(H,46,49)(H,50,51);/q;+1/p-1/t42-;/m1./s1",SRLOHQKOADWDBV-NRONOFSHSA-M,,86278269
HEPES BUFFER,76,,,,
12-DISTEAROYL-SN-GLYCERO-3-PHOSPHOCHOLINE,77,"InChI=1S/C44H88NO8P/c1-6-8-10-12-14-16-18-20-22-24-26-28-30-32-34-36-43(46)50-40-42(41-52-54(48,49)51-39-38-45(3,4)5)53-44(47)37-35-33-31-29-27-25-23-21-19-17-15-13-11-9-7-2/h42H,6-41H2,1-5H3/t42-/m1/s1",NRJAVPSFFCBXDT-HUESYALOSA-N,,94190
LACTOSE,78,"InChI=1S/C12H22O11/c13-1-3-5(15)6(16)9(19)12(22-3)23-10-4(2-14)21-11(20)8(18)7(10)17/h3-20H,1-2H2/t3-,4-,5+,6+,7-,8-,9-,10-,11-,12+/m1/s1",GUBGYTABKSRVRQ-DCSYEGIMSA-N,CHEMBL417016,6134
ALLURA RED,79,"InChI=1S/C18H16N2O8S2.2Na/c1-10-7-14(16(28-2)9-17(10)30(25,26)27)19-20-18-13-5-4-12(29(22,23)24)8-11(13)3-6-15(18)21;;/h3-9,21H,1-2H3,(H,22,23,24)(H,25,26,27);;/q;2*+1/p-2",CEZCCHQBSQPRMU-UHFFFAOYSA-L,CHEMBL174821,
AMMONIUM HYDROXIDE,80,InChI=1S/H3N.H2O/h1H3;1H2,VHUUQVKOLVNVRT-UHFFFAOYSA-N,,
FLAVOUR,81,,,,
NEOHESPERIDIN-DIHYDROCHALCONE,82,"InChI=1S/C28H36O15/c1-11-21(34)23(36)25(38)27(40-11)43-26-24(37)22(35)19(10-29)42-28(26)41-13-8-16(32)20(17(33)9-13)14(30)5-3-12-4-6-18(39-2)15(31)7-12/h4,6-9,11,19,21-29,31-38H,3,5,10H2,1-2H3/t11-,19+,21-,22+,23+,24-,25+,26+,27-,28+/m0/s1",ITVGXXMINPYUHD-CUVHLRMHSA-N,CHEMBL1159645,30231
MALTODEXTRIN,83,,,,
XANTHAN GUM,84,,,,
STEARIC ACID,85,"InChI=1S/C18H36O2/c1-2-3-4-5-6-7-8-9-10-11-12-13-14-15-16-17-18(19)20/h2-17H2,1H3,(H,19,20)",QIQXTHQIDYTFRH-UHFFFAOYSA-N,CHEMBL46403,
DISODIUM EDETATE,86,"InChI=1S/C10H16N2O8.2Na/c13-7(14)3-11(4-8(15)16)1-2-12(5-9(17)18)6-10(19)20;;/h1-6H2,(H,13,14)(H,15,16)(H,17,18)(H,19,20);;/q;2*+1/p-2",ZGTMUACCHSMWAC-UHFFFAOYSA-L,CHEMBL1749,
CITRIC ACID,87,"InChI=1S/C6H8O7/c7-3(8)1-6(13,5(11)12)2-4(9)10/h13H,1-2H2,(H,7,8)(H,9,10)(H,11,12)",KRKNYBCHXYNGOX-UHFFFAOYSA-N,CHEMBL1261,
LOW SUBSTITUTED HYDROXYPROPYL CELLULOSE,88,,,,
SUCRALOSE,89,"InChI=1S/C12H19Cl3O8/c13-1-4-7(17)10(20)12(3-14,22-4)23-11-9(19)8(18)6(15)5(2-16)21-11/h4-11,16-20H,1-3H2/t4-,5-,6+,7-,8+,9-,10+,11-,12+/m1/s1",BAQAVOSOZGMPRM-QBMZZYIRSA-N,CHEMBL3185084,71485
DOCUSATE SODIUM,90,"InChI=1S/C20H38O7S.Na/c1-5-9-11-16(7-3)14-26-19(21)13-18(28(23,24)25)20(22)27-15-17(8-4)12-10-6-2;/h16-18H,5-15H2,1-4H3,(H,23,24,25);/q;+1/p-1",APSBXTVYXVQYAB-UHFFFAOYSA-M,CHEMBL1905872,
DISODIUM HYDROGEN CITRATE,91,"InChI=1S/C6H8O7.2Na/c7-3(8)1-6(13,5(11)12)2-4(9)10;;/h13H,1-2H2,(H,7,8)(H,9,10)(H,11,12);;/q;2*+1/p-2",CEYULKASIQJZGP-UHFFFAOYSA-L,,
SODIUM HYDROGEN CARBONATE,92,"InChI=1S/CH2O3.Na/c2-1(3)4;/h(H2,2,3,4);/q;+1/p-1",UIIMBOGNXHQVGW-UHFFFAOYSA-M,CHEMBL1353,
SILICIFIED MICROCRYSTALLINE CELLULOSE,93,,,,
PHOSPHORIC ACID,94,"InChI=1S/H3O4P/c1-5(2,3)4/h(H3,1,2,3,4)",NBIIXXVUZAFLBC-UHFFFAOYSA-N,CHEMBL1187,
ETHANOL,95,"InChI=1S/C2H6O/c1-2-3/h3H,2H2,1H3",LFQSCWFLJHTTHZ-UHFFFAOYSA-N,CHEMBL545,702
OPADRY,96,,,,
COPOVIDONE,97,,,,
VITAMIN E POLYETHYLENE GLYCOL SUCCINATE,98,,,,
CARNAUBA WAX,99,,,,
HYDROGENATED VEGETABLE OIL,100,,,,
DIERUCOYLPHOSPHATIDYLCHOLINE (DEPC),101,"InChI=1S/C52H100NO8P/c1-6-8-10-12-14-16-18-20-22-24-26-28-30-32-34-36-38-40-42-44-51(54)58-48-50(49-60-62(56,57)59-47-46-53(3,4)5)61-52(55)45-43-41-39-37-35-33-31-29-27-25-23-21-19-17-15-13-11-9-7-2/h20-23,50H,6-19,24-49H2,1-5H3/b22-20-,23-21-/t50-/m1/s1",SDEURMLKLAEUAY-JFSPZUDSSA-N,,24779126
DIPALMITOYLPHOSPHATIDYLGLYCEROL (DPPG),102,"InChI=1S/C38H75O10P.Na/c1-3-5-7-9-11-13-15-17-19-21-23-25-27-29-37(41)45-33-36(34-47-49(43,44)46-32-35(40)31-39)48-38(42)30-28-26-24-22-20-18-16-14-12-10-8-6-4-2;/h35-36,39-40H,3-34H2,1-2H3,(H,43,44);/q;+1/p-1/t35?,36-;/m1./s1",LDWIWSHBGAIIMV-ODZMYOIVSA-M,,46891827
GLYCEROL TRICAPRYLATE,103,"InChI=1S/C27H50O6/c1-4-7-10-13-16-19-25(28)31-22-24(33-27(30)21-18-15-12-9-6-3)23-32-26(29)20-17-14-11-8-5-2/h24H,4-23H2,1-3H3",VLPFTAMPNXLGLX-UHFFFAOYSA-N,CHEMBL1406148,10850
SODIUM CARBONATE,104,"InChI=1S/CH2O3.2Na/c2-1(3)4;;/h(H2,2,3,4);;/q;2*+1/p-2",CDBYLPFSWZWCQE-UHFFFAOYSA-L,CHEMBL186314,
LOW-DENSITY PIGMENTED POLYETHYLENE OUTER LAYER,105,,,,
NON-WOVEN POLYESTER FABRIC,106,,,,
LAURYL LACTATE,107,"InChI=1S/C15H30O3/c1-3-4-5-6-7-8-9-10-11-12-13-18-15(17)14(2)16/h14,16H,3-13H2,1-2H3",QQQMUBLXDAFBRH-UHFFFAOYSA-N,,22692
POLYISOBUTYLENE/POLYBUTENE ADHESIVE,108,,,,
POLYESTER,109,,,,
POLYETHYLENE TEREPHTHALATE FILM,110,,,,
POLYDIMETHYLSILOXANE,111,,,,
TROMETHANIME,112,"InChI=1S/C4H11NO3/c5-4(1-6,2-7)3-8/h6-8H,1-3,5H2",LENZDBCJOHFCAS-UHFFFAOYSA-N,CHEMBL1200391,6503
PROPYL PARAHYDROXYBENZOATE,113,"InChI=1S/C10H12O3/c1-2-7-13-10(12)8-3-5-9(11)6-4-8/h3-6,11H,2,7H2,1H3",QELSKZZBTMNZEB-UHFFFAOYSA-N,CHEMBL194014,7175
PHENYLETHYL ALCOHOL,114,"InChI=1S/C8H10O/c9-7-6-8-4-2-1-3-5-8/h1-5,9H,6-7H2",WRMNZCZEMHIOCP-UHFFFAOYSA-N,CHEMBL448500,6054
PECTIN,115,,,,
HARD FAT,116,,,,
TARTARIC ACID,117,"InChI=1S/C4H6O6/c5-1(3(7)8)2(6)4(9)10/h1-2,5-6H,(H,7,8)(H,9,10)",FEWJPZIEWOKRBE-UHFFFAOYSA-N,CHEMBL333714,
GLYCEROL MONOSTEARATE,118,"InChI=1S/C21H42O4/c1-2-3-4-5-6-7-8-9-10-11-12-13-14-15-16-17-21(24)25-19-20(23)18-22/h20,22-23H,2-19H2,1H3",VBICKXHEKHSIBG-UHFFFAOYSA-N,CHEMBL255696,24699
BUTANOL,119,"InChI=1S/C4H10O/c1-2-3-4-5/h5H,2-4H2,1H3",LRHPLDYGYMQRHN-UHFFFAOYSA-N,CHEMBL14245,263
ISOPROPYL ALCOHOL,120,"InChI=1S/C3H8O/c1-3(2)4/h3-4H,1-2H3",KFZMGEQAYNKOFK-UHFFFAOYSA-N,CHEMBL582,3776
SORBITOL,121,"InChI=1S/C6H14O6/c7-1-3(9)5(11)6(12)4(10)2-8/h3-12H,1-2H2/t3-,4+,5-,6-/m1/s1",FBPFZTCFMRRESA-JGWLITMVSA-N,CHEMBL1682,5780
GLYCINE HYDROCHLORIDE,122,"InChI=1S/C2H5NO2.ClH/c3-1-2(4)5;/h1,3H2,(H,4,5);1H",IVLXQGJVBGMLRR-UHFFFAOYSA-N,,
SODIUM CALCIUM EDETATE,123,"InChI=1S/C10H16N2O8.Ca.2Na/c13-7(14)3-11(4-8(15)16)1-2-12(5-9(17)18)6-10(19)20;;;/h1-6H2,(H,13,14)(H,15,16)(H,17,18)(H,19,20);;;/q;+2;2*+1/p-4",SHWNNYZBHZIQQV-UHFFFAOYSA-J,CHEMBL1200375,
HYDROGENATED CASTOR OIL,124,,,,
HEAVY KAOLIN,125,,,,
CALCIUM CARBONATE,126,"InChI=1S/CH2O3.Ca/c2-1(3)4;/h(H2,2,3,4);/q;+2/p-2",VTYYLEPIZMXCLO-UHFFFAOYSA-L,CHEMBL1200539,
ACACIA,127,InChI=1S/6C2H6/c6*1-2/h6*1-2H3,GPOWYVZNNHYPBM-UHFFFAOYSA-N,,91333377
AMMONIUM GLYCYRRHIZATE,128,"InChI=1S/C42H62O16.H3N/c1-37(2)21-8-11-42(7)31(20(43)16-18-19-17-39(4,36(53)54)13-12-38(19,3)14-15-41(18,42)6)40(21,5)10-9-22(37)55-35-30(26(47)25(46)29(57-35)33(51)52)58-34-27(48)23(44)24(45)28(56-34)32(49)50;/h16,19,21-31,34-35,44-48H,8-15,17H2,1-7H3,(H,49,50)(H,51,52)(H,53,54);1H3/t19-,21-,22-,23-,24-,25-,26-,27+,28-,29-,30+,31+,34-,35-,38+,39-,40-,41+,42+;/m0./s1",ILRKKHJEINIICQ-OOFFSTKBSA-N,,
OLEIC ACID,129,"InChI=1S/C18H34O2/c1-2-3-4-5-6-7-8-9-10-11-12-13-14-15-16-17-18(19)20/h9-10H,2-8,11-17H2,1H3,(H,19,20)/b10-9-",ZQPPMHVWECSIRJ-KTKRTIGZSA-N,CHEMBL8659,445639
MEDIUM CHAIN TRIGLYCERIDES,130,,,,
SODIUM CITRATE DIHYDRATE,131,"InChI=1S/C6H8O7.3Na.2H2O/c7-3(8)1-6(13,5(11)12)2-4(9)10;;;;;/h13H,1-2H2,(H,7,8)(H,9,10)(H,11,12);;;;2*1H2/q;3*+1;;/p-3",NLJMYIDDQXHKNR-UHFFFAOYSA-K,,
FRUCTOSE,132,"InChI=1S/C6H12O6/c7-2-6(11)5(10)4(9)3(8)1-12-6/h3-5,7-11H,1-2H2/t3-,4-,5+,6?/m1/s1",LKDRXBCSQODPBY-VRPWFDPXSA-N,CHEMBL2325229,2723872
SODIUM SACCHARIN,133,"InChI=1S/C7H5NO3S.Na/c9-7-5-3-1-2-4-6(5)12(10,11)8-7;/h1-4H,(H,8,9);/q;+1/p-1",WINXNKPZLFISPD-UHFFFAOYSA-M,CHEMBL2219743,
CARMELLOSE SODIUM,134,"InChI=1S/C6H12O6.C2H4O2.Na/c7-1-3(9)5(11)6(12)4(10)2-8;1-2(3)4;/h1,3-6,8-12H,2H2;1H3,(H,3,4);",DPXJVFZANSGRMM-UHFFFAOYSA-N,,6328154
POLY-LACTIDE-CO-GLYCOLIDE,135,,,,
CARMELLOSE CALCIUM,136,,,,
BETADEX SULFOBUTYL ETHER SODIUM,137,"InChI=1S/C66H118O53S6.6Na/c67-25-32-53-39(68)46(75)60(106-32)114-54-33(26-100-13-1-7-19-120(82,83)84)108-62(48(77)41(54)70)116-56-35(28-102-15-3-9-21-122(88,89)90)110-64(50(79)43(56)72)118-58-37(30-104-17-5-11-23-124(94,95)96)112-66(52(81)45(58)74)119-59-38(31-105-18-6-12-24-125(97,98)99)111-65(51(80)44(59)73)117-57-36(29-103-16-4-10-22-123(91,92)93)109-63(49(78)42(57)71)115-55-34(107-61(113-53)47(76)40(55)69)27-101-14-2-8-20-121(85,86)87;;;;;;/h32-81H,1-31H2,(H,82,83,84)(H,85,86,87)(H,88,89,90)(H,91,92,93)(H,94,95,96)(H,97,98,99);;;;;;/q;6*+1/p-6/t32-,33-,34-,35-,36-,37-,38-,39-,40-,41-,42-,43-,44-,45-,46-,47-,48-,49-,50-,51-,52-,53-,54-,55-,56-,57-,58-,59-,60-,61-,62-,63-,64-,65-,66-;;;;;;/m1....../s1",VNDHXHMRJVTMTK-WZVRVNPQSA-H,,131634907
SODIUM DIHYDROGEN PHOSPHATE MONOHYDRATE,138,"InChI=1S/Na.H3O4P.H2O/c;1-5(2,3)4;/h;(H3,1,2,3,4);1H2/q+1;;/p-1",BBMHARZCALWXSL-UHFFFAOYSA-M,,
"SILICON DIOXIDE, HYDRATED",139,,,,
SODIUM METABISULFITE (E223),140,"InChI=1S/2Na.H2O5S2/c;;1-6(2)7(3,4)5/h;;(H,1,2)(H,3,4,5)/q2*+1;/p-2",HRZFUMHJMZEROT-UHFFFAOYSA-L,CHEMBL2016976,
SIMETHICONE,141,"InChI=1S/C6H18O2Si2.O2Si/c1-7-10(5,6)8-9(2,3)4;1-3-2/h1-6H3;",AMTWCFIAVKBGOD-UHFFFAOYSA-N,,6433516
METHYLPARAHYDROXYBENZOATE,142,"InChI=1S/C8H8O3/c1-11-8(10)6-2-4-7(9)5-3-6/h2-5,9H,1H3",LXCFILQKKLGQFO-UHFFFAOYSA-N,CHEMBL325372,7456
PHENOXYETHANOL,143,"InChI=1S/C8H10O2/c9-6-7-10-8-4-2-1-3-5-8/h1-5,9H,6-7H2",QCDWFXQBSFUVSP-UHFFFAOYSA-N,CHEMBL1229846,31236
CETOSTEARYL ALCOHOL,144,"InChI=1S/C18H38O.C16H34O/c1-2-3-4-5-6-7-8-9-10-11-12-13-14-15-16-17-18-19;1-2-3-4-5-6-7-8-9-10-11-12-13-14-15-16-17/h19H,2-18H2,1H3;17H,2-16H2,1H3",UBHWBODXJBSFLH-UHFFFAOYSA-N,,62238
MACROGOL CETOSTEARYL ETHER,145,,,,
DIMETHICONE,146,,,,
POLYETHYLENE GLYCOL STEARATE,147,,,,
STEARYL ALCOHOL,148,"InChI=1S/C18H38O/c1-2-3-4-5-6-7-8-9-10-11-12-13-14-15-16-17-18-19/h19H,2-18H2,1H3",GLDOVTGHNKAZLK-UHFFFAOYSA-N,CHEMBL24640,8221
MONOTHIOGLYCEROL,149,"InChI=1S/C3H8O2S/c4-1-3(5)2-6/h3-6H,1-2H2",PJUIMOJAAPLTRJ-UHFFFAOYSA-N,CHEMBL1398948,7291
SODIUM SULPHITE,150,"InChI=1S/2Na.H2O3S/c;;1-4(2)3/h;;(H2,1,2,3)/q2*+1;/p-2",GEHJYWRUCIMESM-UHFFFAOYSA-L,CHEMBL1945334,
BORAX,151,InChI=1S/B4O7.2Na.10H2O/c5-1-7-3-9-2(6)10-4(8-1)11-3;;;;;;;;;;;;/h;;;10*1H2/q-2;2*+1;;;;;;;;;;,CDMADVZSLOHIFP-UHFFFAOYSA-N,CHEMBL3833375,
BENZYL ALCOHOL,152,"InChI=1S/C7H8O/c8-6-7-4-2-1-3-5-7/h1-5,8H,6H2",WVDDGKGOMKODPV-UHFFFAOYSA-N,CHEMBL720,244
CASTOR OIL,153,,,,
BENZYL BENZOATE,154,"InChI=1S/C14H12O2/c15-14(13-9-5-2-6-10-13)16-11-12-7-3-1-4-8-12/h1-10H,11H2",SESFRYSPDFLNCH-UHFFFAOYSA-N,CHEMBL1239,2345
ACESULFAME POTASSIUM,155,"InChI=1S/C4H5NO4S.K/c1-3-2-4(6)5-10(7,8)9-3;/h2H,1H3,(H,5,6);/q;+1/p-1",WBZFUFAFFUEMEI-UHFFFAOYSA-M,CHEMBL1351474,
DISODIUM HYDROGEN PHOSPHATE DODECAHYDRATE,156,"InChI=1S/2Na.H3O4P.12H2O/c;;1-5(2,3)4;;;;;;;;;;;;/h;;(H3,1,2,3,4);12*1H2/q2*+1;;;;;;;;;;;;;/p-2",DGLRDKLJZLEJCY-UHFFFAOYSA-L,,
CALCIUM CHLORIDE DIHYDRATE,157,InChI=1S/Ca.2ClH.2H2O/h;2*1H;2*1H2/q+2;;;;/p-2,LLSDKQJKOVVTOJ-UHFFFAOYSA-L,,
POLYVINYL ACETATE PHTHALATE,158,,,,
SORBITAN,159,"InChI=1S/C6H12O5/c7-1-3(8)6-5(10)4(9)2-11-6/h3-10H,1-2H2/t3-,4+,5-,6-/m1/s1",JNYAEWCLZODPBN-JGWLITMVSA-N,,10953859
MACROGOLGLYCEROL RICINOLEATE,160,,,,
MONO/DIGLYCERIDES OF CAPRYLIC/CAPRIC ACID,161,,,,
SODIUM BENZOATE,162,"InChI=1S/C7H6O2.Na/c8-7(9)6-4-2-1-3-5-6;/h1-5H,(H,8,9);/q;+1/p-1",WXMKPNITSTVMEF-UHFFFAOYSA-M,CHEMBL1356,
DISODIUM HYDROGEN PHOSPHATE,163,"InChI=1S/2Na.H3O4P/c;;1-5(2,3)4/h;;(H3,1,2,3,4)/q2*+1;/p-2",BNIILDVGGAEEIG-UHFFFAOYSA-L,CHEMBL1060,
HYPROMELLOSE ACETATE SUCCINATE,164,"InChI=1S/C4H6O4.C3H8O2.C2H4O2.CH4O/c5-3(6)1-2-4(7)8;1-3(5)2-4;1-2(3)4;1-2/h1-2H2,(H,5,6)(H,7,8);3-5H,2H2,1H3;1H3,(H,3,4);2H,1H3",ZUAAPNNKRHMPKG-UHFFFAOYSA-N,,121950
SUCCINIC ACID,165,"InChI=1S/C4H6O4/c5-3(6)1-2-4(7)8/h1-2H2,(H,5,6)(H,7,8)",KDYFGRWQOYBRFD-UHFFFAOYSA-N,CHEMBL576,
SOY POLYSACCHARIDES,166,,,,
HYDROXYPROPYLBETADEX,167,"InChI=1S/C63H112O42/c1-22(64)8-85-15-29-50-36(71)43(78)57(92-29)100-51-30(16-86-9-23(2)65)94-59(45(80)38(51)73)102-53-32(18-88-11-25(4)67)96-61(47(82)40(53)75)104-55-34(20-90-13-27(6)69)98-63(49(84)42(55)77)105-56-35(21-91-14-28(7)70)97-62(48(83)41(56)76)103-54-33(19-89-12-26(5)68)95-60(46(81)39(54)74)101-52-31(17-87-10-24(3)66)93-58(99-50)44(79)37(52)72/h22-84H,8-21H2,1-7H3/t22?,23?,24?,25?,26?,27?,28?,29-,30-,31-,32-,33-,34-,35-,36-,37-,38-,39-,40-,41-,42-,43-,44-,45-,46-,47-,48-,49-,50-,51-,52-,53-,54-,55-,56-,57-,58-,59-,60-,61-,62-,63-/m1/s1",ODLHGICHYURWBS-LKONHMLTSA-N,CHEMBL577294,14049689
GLUCOSE,168,"InChI=1S/C6H12O6/c7-1-2-3(8)4(9)5(10)6(11)12-2/h2-11H,1H2/t2-,3-,4+,5-,6?/m1/s1",WQZGKKKJIJFFOK-GASJEMHNSA-N,CHEMBL1222250,5793
JUICE,169,,,,
PHOSAL 50 PG,170,,,,
GLYCEROL MONOOLEATE,171,"InChI=1S/C21H40O4/c1-2-3-4-5-6-7-8-9-10-11-12-13-14-15-16-17-21(24)25-19-20(23)18-22/h9-10,20,22-23H,2-8,11-19H2,1H3/b10-9-",RZRNAYUHWVFMIP-KTKRTIGZSA-N,CHEMBL428593,5283468
CALCIUM SULFATE,172,"InChI=1S/Ca.H2O4S/c;1-5(2,3)4/h;(H2,1,2,3,4)/q+2;/p-2",OSGAYBCDTDRGGQ-UHFFFAOYSA-L,CHEMBL2106140,
ARGININE,173,"InChI=1S/C6H14N4O2/c7-4(5(11)12)2-1-3-10-6(8)9/h4H,1-3,7H2,(H,11,12)(H4,8,9,10)/t4-/m0/s1",ODKSFYDXXFIFQN-BYPYZUCNSA-N,CHEMBL1485,
DIBASIC SODIUM PHOSPHATE HEPTAHYDRATE,174,"InChI=1S/2Na.H3O4P.7H2O/c;;1-5(2,3)4;;;;;;;/h;;(H3,1,2,3,4);7*1H2/q2*+1;;;;;;;;/p-2",PYLIXCKOHOHGKQ-UHFFFAOYSA-L,,
NORFLURANE,175,"InChI=1S/C2H2F4/c3-1-2(4,5)6/h1H2",LVGUZGTVOIAKKC-UHFFFAOYSA-N,CHEMBL2104432,13129
HYDROPHOBIC COLLOIDAL SILICA,176,,,,
MALTITOL,177,"InChI=1S/C12H24O11/c13-1-4(16)7(18)11(5(17)2-14)23-12-10(21)9(20)8(19)6(3-15)22-12/h4-21H,1-3H2/t4-,5+,6+,7+,8+,9-,10+,11+,12+/m0/s1",VQHSOMBJVWLPSR-WUJBLJFYSA-N,CHEMBL63558,493591
GLYCEROL MONOCAPRYLOCAPRATE,178,,,,
HUMAN ALBUMIN,179,,,,
CAPRYLIC ACID,180,"InChI=1S/C8H16O2/c1-2-3-4-5-6-7-8(9)10/h2-7H2,1H3,(H,9,10)",WWZKQHOCKIZLMA-UHFFFAOYSA-N,CHEMBL324846,
N-ACETYLTRYPTOPHAN,181,"InChI=1S/C13H14N2O3/c1-8(16)15-12(13(17)18)6-9-7-14-11-5-3-2-4-10(9)11/h2-5,7,12,14H,6H2,1H3,(H,15,16)(H,17,18)",DZTHIGRZJZPRDV-UHFFFAOYSA-N,CHEMBL1905494,2002
CAPRYLOCAPROYL MACROGOL-8 GLYCERIDES,182,,,,
BUTYLHYDROXYANISOLE,183,"InChI=1S/2C11H16O2/c1-11(2,3)9-7-8(13-4)5-6-10(9)12;1-11(2,3)9-7-8(12)5-6-10(9)13-4/h2*5-7,12H,1-4H3",CZBZUDVBLSSABA-UHFFFAOYSA-N,CHEMBL4296740,24667
POLYOXYL 40 HYDROGENATED CASTOR OIL,184,,,,
POLYQUATERNIUM-1,185,,,,
MACROGOLGLYCEROL HYDROXYSTEARATE,186,,,,
SILICA GEL,187,InChI=1S/O2Si/c1-3-2,VYPSYNLAJGMNEJ-UHFFFAOYSA-N,CHEMBL3188292,24261
SORBIC ACID,188,"InChI=1S/C6H8O2/c1-2-3-4-5-6(7)8/h2-5H,1H3,(H,7,8)/b3-2+,5-4+",WSWCOQWTEOXDQX-MQQKCMAXSA-N,CHEMBL250212,643460
POLYETHYLENE GLYCOL SORBITAN TRISTEARATE,189,,,,
METHYLCELLULOSE,190,"InChI=1S/C20H38O11/c1-21-9-11-13(23-3)15(24-4)18(27-7)20(30-11)31-14-12(10-22-2)29-19(28-8)17(26-6)16(14)25-5/h11-20H,9-10H2,1-8H3/t11?,12?,13?,14-,15?,16?,17?,18?,19?,20+/m1/s1",YLGXILFCIXHCMC-JHGZEJCSSA-N,,51063134
SULFURIC ACID,191,"InChI=1S/H2O4S/c1-5(2,3)4/h(H2,1,2,3,4)",QAOWNCQODCNURD-UHFFFAOYSA-N,CHEMBL572964,
BENZOIC ACID,192,"InChI=1S/C7H6O2/c8-7(9)6-4-2-1-3-5-6/h1-5H,(H,8,9)",WPYMKLBDIGXBTP-UHFFFAOYSA-N,CHEMBL541,
STARCH,193,,,,
POTASSIUM SORBATE,194,"InChI=1S/C6H8O2.K/c1-2-3-4-5-6(7)8;/h2-5H,1H3,(H,7,8);/q;+1/p-1/b3-2+,5-4+;",CHHHXKFHOYLYRE-STWYSWDKSA-M,CHEMBL2106930,
CALCIUM SILICATE,195,"InChI=1S/2Ca.O4Si/c;;1-5(2,3)4/q2*+2;-4",JHLNERQLKQQLRZ-UHFFFAOYSA-N,,
ETHYL VANILLIN,196,"InChI=1S/C9H10O3/c1-2-12-9-5-7(6-10)3-4-8(9)11/h3-6,11H,2H2,1H3",CBOQJANXLMLOSS-UHFFFAOYSA-N,CHEMBL508676,8467
LACTIC ACID,197,"InChI=1S/C3H6O3/c1-2(4)3(5)6/h2,4H,1H3,(H,5,6)",JVTAAEKCZFNVCJ-UHFFFAOYSA-N,CHEMBL1200559,
DISPERSIBLE CELLULOSE,198,,,,
POTASSIUM DIHYDROGEN PHOSPHATE,199,"InChI=1S/K.H3O4P/c;1-5(2,3)4/h;(H3,1,2,3,4)/q+1;/p-1",GNSKLFRGEWLPPA-UHFFFAOYSA-M,CHEMBL1200925,
SOYBEAN PHOSPHATIDYLCHOLINE,200,"InChI=1S/C42H80NO8P/c1-6-8-10-12-14-16-18-20-21-23-25-27-29-31-33-35-42(45)51-40(39-50-52(46,47)49-37-36-43(3,4)5)38-48-41(44)34-32-30-28-26-24-22-19-17-15-13-11-9-7-2/h14,16,20-21,40H,6-13,15,17-19,22-39H2,1-5H3/b16-14+,21-20+/t40-/m1/s1",JLPULHDHAOZNQI-JLOPVYAASA-N,,
SODIUM DIHYDROGEN PHOSPHATE DIHYDRATE,201,"InChI=1S/Na.H3O4P.2H2O/c;1-5(2,3)4;;/h;(H3,1,2,3,4);2*1H2/q+1;;;/p-1",VBJGJHBYWREJQD-UHFFFAOYSA-M,,
DISODIUM PHOSPHATE DIHYDRATE,202,"InChI=1S/2Na.H3O4P.2H2O/c;;1-5(2,3)4;;/h;;(H3,1,2,3,4);2*1H2/q2*+1;;;/p-2",KDQPSPMLNJTZAL-UHFFFAOYSA-L,CHEMBL2107560,
FUMARIC ACID,203,"InChI=1S/C4H4O4/c5-3(6)1-2-4(7)8/h1-2H,(H,5,6)(H,7,8)/b2-1+",VZCYOOQTPOCHFL-OWOJBTEDSA-N,CHEMBL503160,
SODIUM CAPRYLATE,204,"InChI=1S/C8H16O2.Na/c1-2-3-4-5-6-7-8(9)10;/h2-7H2,1H3,(H,9,10);/q;+1/p-1",BYKRNSHANADUFY-UHFFFAOYSA-M,CHEMBL557076,
PEPPERMINT FLAVOUR,205,,,,
"POLY(DIMETHYLSILOXANE, TRIMETHYLSILYL SILICATE)-COPOLYMERISATE MATRIX",206,,,,
SILICONISED ALUMINISED COLOUR-COATED POLYESTER FILM,207,,,,
TRANSPARENT FLUOROPOLYMER COATED POLYESTER FILM,208,,,,
ASCORBYL PALMITATE,209,"InChI=1S/C22H38O7/c1-2-3-4-5-6-7-8-9-10-11-12-13-14-15-18(24)28-16-17(23)21-19(25)20(26)22(27)29-21/h17,21,23,25-26H,2-16H2,1H3/t17-,21+/m0/s1",QAQJMLQRFWZOBN-LAUBAEHRSA-N,CHEMBL220190,54680660
SODIUM PROPYL PARAHYDROXYBENZOATE (E217),210,"InChI=1S/C10H12O3.Na/c1-2-7-13-10(12)8-3-5-9(11)6-4-8;/h3-6,11H,2,7H2,1H3;/q;+1/p-1",IXMINYBUNCWGER-UHFFFAOYSA-M,CHEMBL2107021,
SODIUM METHYL PARAHYDROXYBENZOATE (E219),211,"InChI=1S/C8H8O3.Na/c1-11-8(10)6-2-4-7(9)5-3-6;/h2-5,9H,1H3;/q;+1/p-1",PESXGULMKCKJCC-UHFFFAOYSA-M,CHEMBL2106903,
SODIUM ACETATE,212,"InChI=1S/C2H4O2.Na/c1-2(3)4;/h1H3,(H,3,4);/q;+1/p-1",VMHLLURERBWHNL-UHFFFAOYSA-M,CHEMBL1354,
BETADEX,213,"InChI=1S/C42H70O35/c43-1-8-29-15(50)22(57)36(64-8)72-30-9(2-44)66-38(24(59)17(30)52)74-32-11(4-46)68-40(26(61)19(32)54)76-34-13(6-48)70-42(28(63)21(34)56)77-35-14(7-49)69-41(27(62)20(35)55)75-33-12(5-47)67-39(25(60)18(33)53)73-31-10(3-45)65-37(71-29)23(58)16(31)51/h8-63H,1-7H2/t8-,9-,10-,11-,12-,13-,14-,15-,16-,17-,18-,19-,20-,21-,22-,23-,24-,25-,26-,27-,28-,29-,30-,31-,32-,33-,34-,35-,36-,37-,38-,39-,40-,41-,42-/m1/s1",WHGYBXFWUBPSRW-FOUAGVGXSA-N,CHEMBL415690,444041
MONOSODIUM PHOSPHATE MONOHYDRATE,214,"InChI=1S/Na.H3O4P.H2O/c;1-5(2,3)4;/h;(H3,1,2,3,4);1H2/q+1;;/p-1",BBMHARZCALWXSL-UHFFFAOYSA-M,,
COLOUR MIXTURE,215,,,,
POLACRILIN POTASSIUM,216,"InChI=1S/C10H10.C4H6O2.K/c1-3-9-7-5-6-8-10(9)4-2;1-3(2)4(5)6;/h3-8H,1-2H2;1H2,2H3,(H,5,6);/q;;+1/p-1",WVWZXTJUCNEUAE-UHFFFAOYSA-M,,
CARRAGEENAN,217,,,,
POTASSIUM CHLORIDE,218,InChI=1S/ClH.K/h1H;/q;+1/p-1,WCUXLLCKKVVCTQ-UHFFFAOYSA-M,CHEMBL1200731,
GUAR,219,,,,
POTASSIUM ACETATE,220,"InChI=1S/C2H4O2.K/c1-2(3)4;/h1H3,(H,3,4);/q;+1/p-1",SCVFZCLFOSHCOH-UHFFFAOYSA-M,CHEMBL1201058,
GELLAN GUM,221,,,,
MAGNESIUM CITRATE,222,"InChI=1S/2C6H8O7.3Mg/c2*7-3(8)1-6(13,5(11)12)2-4(9)10;;;/h2*13H,1-2H2,(H,7,8)(H,9,10)(H,11,12);;;/q;;3*+2/p-6",PLSARIKBYIPYPF-UHFFFAOYSA-H,CHEMBL3989480,
CELLULOSE ACETATE,223,"InChI=1S/C10H16O8/c1-4(11)16-3-6-7(13)8(14)9(10(15)18-6)17-5(2)12/h6-10,13-15H,3H2,1-2H3/t6-,7-,8+,9-,10-/m1/s1",SMEGJBVQLJJKKX-HOTMZDKISA-N,,139600838
HYDROXYETHYLCELLULOSE,224,"InChI=1S/C36H70O19/c1-19(37)9-45-17-27-29(47-11-21(3)39)31(48-12-22(4)40)34(51-15-25(7)43)36(54-27)55-30-28(18-46-10-20(2)38)53-35(52-16-26(8)44)33(50-14-24(6)42)32(30)49-13-23(5)41/h19-44H,9-18H2,1-8H3",DFJVHKAPIXJTSC-UHFFFAOYSA-N,,4327536
POLYDEXTROSE,225,,,,
NITROGEN,226,InChI=1S/N2/c1-2,IJGRMHOSHXDMSA-UHFFFAOYSA-N,CHEMBL142438,947
DIMETHYLACETAMIDE,227,InChI=1S/C4H9NO/c1-4(6)5(2)3/h1-3H3,FXHOOIRPVKKKFG-UHFFFAOYSA-N,CHEMBL11873,31374
SODIUM ASCORBATE,228,"InChI=1S/C6H8O6.Na/c7-1-2(8)5-3(9)4(10)6(11)12-5;/h2,5,7-10H,1H2;/q;+1/p-1/t2-,5+;/m0./s1",PPASLZSBLFJQEF-RXSVEWSESA-M,CHEMBL591665,
ASCORBIC ACID,229,"InChI=1S/C6H8O6/c7-1-2(8)5-3(9)4(10)6(11)12-5/h2,5,7-10H,1H2/t2-,5+/m0/s1",CIWBSHSKHKDKBQ-JLAZNSOCSA-N,CHEMBL196,54670067
STEARATE EMULSIFIERS,230,,,,
MALTOL,231,"InChI=1S/C6H6O3/c1-4-6(8)5(7)2-3-9-4/h2-3,8H,1H3",XPCTZQVDEJYUGT-UHFFFAOYSA-N,CHEMBL31422,8369
EGG PHOSPHATIDYLGLYCEROL,232,,,,
DIMYRISTOYL PHOSPHATIDYLCHOLINE,233,"InChI=1S/C36H72NO8P/c1-6-8-10-12-14-16-18-20-22-24-26-28-35(38)42-32-34(33-44-46(40,41)43-31-30-37(3,4)5)45-36(39)29-27-25-23-21-19-17-15-13-11-9-7-2/h34H,6-33H2,1-5H3/t34-/m1/s1",CITHEXJVPOWHKC-UUWRZZSWSA-N,CHEMBL451503,5459377
TARTRAZINE,234,"InChI=1S/C16H12N4O9S2.3Na/c21-15-13(18-17-9-1-5-11(6-2-9)30(24,25)26)14(16(22)23)19-20(15)10-3-7-12(8-4-10)31(27,28)29;;;/h1-8,13H,(H,22,23)(H,24,25,26)(H,27,28,29);;;/q;3*+1/p-3",UJMBCXLDXJUMFB-UHFFFAOYSA-K,,
POLYETHYLENE OXIDE,235,,,,
RIBOFLAVIN,236,"InChI=1S/C17H20N4O6/c1-7-3-9-10(4-8(7)2)21(5-11(23)14(25)12(24)6-22)15-13(18-9)16(26)20-17(27)19-15/h3-4,11-12,14,22-25H,5-6H2,1-2H3,(H,20,26,27)/t11-,12+,14-/m0/s1",AUNGANRZJHBGPY-SCRDCRAPSA-N,CHEMBL1534,493570
POTASSIUM CITRATE,237,"InChI=1S/C6H8O7.3K/c7-3(8)1-6(13,5(11)12)2-4(9)10;;;/h13H,1-2H2,(H,7,8)(H,9,10)(H,11,12);;;/q;3*+1/p-3",QEEAPRPFLLJWCF-UHFFFAOYSA-K,CHEMBL1200458,
SODIUM GLUCONATE,238,"InChI=1S/C6H12O7.Na/c7-1-2(8)3(9)4(10)5(11)6(12)13;/h2-5,7-11H,1H2,(H,12,13);/q;+1/p-1/t2-,3-,4+,5-;/m1./s1",UPMFZISCCZSDND-JJKGCWMISA-M,CHEMBL1200919,
MAGNESIUM SULPHATE,239,"InChI=1S/Mg.H2O4S/c;1-5(2,3)4/h;(H2,1,2,3,4)/q+2;/p-2",CSNNHWWHGAXBCP-UHFFFAOYSA-L,CHEMBL2021423,
CALCIUM CHLORIDE,240,InChI=1S/Ca.2ClH/h;2*1H/q+2;;/p-2,UXVMQQNJUSDDNG-UHFFFAOYSA-L,CHEMBL1200668,
CARMINE,241,"InChI=1S/C22H20O13/c1-4-8-5(2-6(24)9(4)22(33)34)13(25)10-11(15(8)27)16(28)12(18(30)17(10)29)21-20(32)19(31)14(26)7(3-23)35-21/h2,7,14,19-21,23-24,26,28-32H,3H2,1H3,(H,33,34)",DGQLVPJVXFOQEV-UHFFFAOYSA-N,,14950
POLACRILIN,242,,,,
ROSIN ESTER,243,,,,
SILVER CHLORIDE,244,InChI=1S/Ag.ClH/h;1H/q+1;/p-1,HKZLPVFGJNLROG-UHFFFAOYSA-M,CHEMBL4444164,
POLYBUTENE,245,,,,
POLYISOBUTYLENE,246,,,,
SILVER FOIL,247,InChI=1S/Ag,BQCADISMDOOEFD-UHFFFAOYSA-N,,23954
ELECTRICALLY CONDUCTIVE ADHESIVE TAPE,248,,,,
CETYLPYRIDINIUM CHLORIDE,249,"InChI=1S/C21H38N.ClH/c1-2-3-4-5-6-7-8-9-10-11-12-13-14-16-19-22-20-17-15-18-21-22;/h15,17-18,20-21H,2-14,16,19H2,1H3;1H/q+1;/p-1",YMKDRGPMQRFJGP-UHFFFAOYSA-M,CHEMBL34833,
POLYESTER FILM COATED ON ONE SIDE WITH SILICONE,250,,,,
GLYCOL-MODIFIED POLYETHYLENE TEREPHTHALATE,251,,,,
CALCIUM HYDROXIDE,252,InChI=1S/Ca.2H2O/h;2*1H2/q+2;;/p-2,AXCZMVOFGPJBDE-UHFFFAOYSA-L,CHEMBL2106388,
PARTIALLY PREGELATINISED MAIZE STARCH,253,,,,
QUINOLINE YELLOW,254,"InChI=1S/C18H11NO2/c20-17-12-6-2-3-7-13(12)18(21)16(17)15-10-9-11-5-1-4-8-14(11)19-15/h1-10,16H",IZMJMCDDWKSTTK-UHFFFAOYSA-N,CHEMBL1486465,6731
POLYGLUCOSE SORBITOL CARBOXYMETHYLETHER,255,,,,
CALCIUM-EDTMP SODIUM SALT,256,,,,
EDTMP HYDRATE,257,,,,
SILICONE OIL,258,,,,
ISOPROPYL MYRISTATE,259,"InChI=1S/C17H34O2/c1-4-5-6-7-8-9-10-11-12-13-14-15-17(18)19-16(2)3/h16H,4-15H2,1-3H3",AXISYYRBXTVTFY-UHFFFAOYSA-N,CHEMBL207602,8042
ACRYLATE COPOLYMER ADHESIVE,260,,,,
ETHYL VINYL ACETATE,261,,,,
SUCROSE PALMITATE,262,"InChI=1S/C28H52O12/c1-2-3-4-5-6-7-8-9-10-11-12-13-14-15-21(31)37-17-20-22(32)24(34)25(35)27(38-20)40-28(18-30)26(36)23(33)19(16-29)39-28/h19-20,22-27,29-30,32-36H,2-18H2,1H3/t19-,20-,22-,23-,24+,25-,26+,27-,28+/m1/s1",XYFGTTCGHCGTDZ-ZRVLSRDKSA-N,,11238581
DIBASIC POTASSIUM PHOSPHATE,263,"InChI=1S/2K.H3O4P/c;;1-5(2,3)4/h;;(H3,1,2,3,4)/q2*+1;/p-2",ZPWVASYFFYYZEW-UHFFFAOYSA-L,CHEMBL1200459,
POLYETHOXYLATE STEARATE,264,,,,
SULPHUR DIOXIDE,265,InChI=1S/O2S/c1-3-2,RAHZWNYVWXNFOC-UHFFFAOYSA-N,CHEMBL1235997,1119
LATOLRUBINE BK,266,,,,
TRANSLUCENT POLYETHYLENE BACKING FILM,267,,,,
COPPER PHTHALOCYANINE BLUE PIGMENT,268,,,,
ACRYLIC COPOLYMER ADHESIVE,269,,,,
SORBITAN MONOOLEATE,270,"InChI=1S/C24H44O6/c1-2-3-4-5-6-7-8-9-10-11-12-13-14-15-16-17-22(27)29-19-21(26)24-23(28)20(25)18-30-24/h9-10,20-21,23-26,28H,2-8,11-19H2,1H3/b10-9-/t20-,21+,23+,24+/m0/s1",NWGKJDSIEKMTRX-AAZCQSIUSA-N,CHEMBL1894187,9920342
SILICONISED POLYESTER FILM,271,,,,
FOSVESET,272,"InChI=1S/C33H44N3O14P/c37-28(38)18-34(15-16-35(19-29(39)40)20-30(41)42)17-26(36(21-31(43)44)22-32(45)46)23-49-51(47,48)50-27-11-13-33(14-12-27,24-7-3-1-4-8-24)25-9-5-2-6-10-25/h1-10,26-27H,11-23H2,(H,37,38)(H,39,40)(H,41,42)(H,43,44)(H,45,46)(H,47,48)/t26-/m1/s1",NZLPWFTXPYJYSS-AREMUKBSSA-N,CHEMBL1615469,158441
MENTHOL,273,"InChI=1S/C10H20O/c1-7(2)9-5-4-8(3)6-10(9)11/h7-11H,4-6H2,1-3H3",NOOLISFMXDJSKH-UHFFFAOYSA-N,CHEMBL256087,1254
MONOSODIUM PHOSPHATE,274,"InChI=1S/Na.H3O4P/c;1-5(2,3)4/h;(H3,1,2,3,4)/q+1;/p-1",AJPJDKMHJJGVTQ-UHFFFAOYSA-M,CHEMBL1368,
POLYOXYL CASTOR OIL,275,,,,
METHIONINE,276,"InChI=1S/C5H11NO2S/c1-9-3-2-4(6)5(7)8/h4H,2-3,6H2,1H3,(H,7,8)/t4-/m0/s1",FFEARJCKVFRZRR-BYPYZUCNSA-N,CHEMBL42336,
MICA,277,InChI=1S/6Al.2FH.2K.6O2Si.H2O.9O/c;;;;;;;;;;6*1-3-2;;;;;;;;;;/h;;;;;;2*1H;;;;;;;;;1H2;;;;;;;;;/q6*+3;;;2*+1;;;;;;;;9*-2/p-2,QYFRTHZXAGSYGT-UHFFFAOYSA-L,,131842327
SORBITAN MONOLAURATE,278,"InChI=1S/C18H34O6/c1-2-3-4-5-6-7-8-9-10-11-16(21)23-13-15(20)18-17(22)14(19)12-24-18/h14-15,17-20,22H,2-13H2,1H3/t14-,15?,17+,18+/m0/s1",LWZFANDGMFTDAV-WYDSMHRWSA-N,,16218599
ETHYL BENZOATE,279,"InChI=1S/C9H10O2/c1-2-11-9(10)8-6-4-3-5-7-8/h3-7H,2H2,1H3",MTZQAGJQAFMTAQ-UHFFFAOYSA-N,CHEMBL510714,7165
SODIUM ETHYL PARAHYDROXYBENZOATE (E215),280,"InChI=1S/C9H10O3.Na/c1-2-12-9(11)7-3-5-8(10)6-4-7;/h3-6,10H,2H2,1H3;/q;+1/p-1",QYNMSPKSYXPZHG-UHFFFAOYSA-M,,
MAGNASWEET-110 FLAVOUR,281,,,,
ETHYL MALTOL,282,,,,
VANILLIN,283,"InChI=1S/C8H8O3/c1-11-8-4-6(5-9)2-3-7(8)10/h2-5,10H,1H3",MWOOGOJBHIARFG-UHFFFAOYSA-N,CHEMBL13883,1183
HIGH FRUCTOSE CORN SYRUP,284,,,,
PEPPERMINT OIL,285,,,,
P-HYDROXYBENZALDEHYDE,286,"InChI=1S/C7H6O2/c8-5-6-1-3-7(9)4-2-6/h1-5,9H",RGHHSNMVTDWUBI-UHFFFAOYSA-N,CHEMBL14193,126
LEVOMENTHOL,287,"InChI=1S/C10H20O/c1-7(2)9-5-4-8(3)6-10(9)11/h7-11H,4-6H2,1-3H3/t8-,9+,10-/m1/s1",NOOLISFMXDJSKH-KXUCPTDWSA-N,CHEMBL470670,16666
P-HYDROXYBENZOIC ACID,288,"InChI=1S/C7H6O3/c8-6-3-1-5(2-4-6)7(9)10/h1-4,8H,(H,9,10)",FJKROLUGYXJWQN-UHFFFAOYSA-N,CHEMBL441343,
DIHYDROCOUMARIN,289,"InChI=1S/C9H8O2/c10-9-6-5-7-3-1-2-4-8(7)11-9/h1-4H,5-6H2",VMUXSMXIQBNMGZ-UHFFFAOYSA-N,CHEMBL89306,660
ACETOIN,290,"InChI=1S/C4H8O2/c1-3(5)4(2)6/h3,5H,1-2H3",ROWKJAVDOGWPAT-UHFFFAOYSA-N,CHEMBL3561873,179
VANILLIC ACID,291,"InChI=1S/C8H8O4/c1-12-7-4-5(8(10)11)2-3-6(7)9/h2-4,9H,1H3,(H,10,11)",WKOLLVMJNQIZCI-UHFFFAOYSA-N,CHEMBL120568,8468
HELIOTROPIN,292,"InChI=1S/C8H6O3/c9-4-6-1-2-7-8(3-6)11-5-10-7/h1-4H,5H2",SATCULPHIDQDRE-UHFFFAOYSA-N,CHEMBL271663,8438
SODIUM ALUMINIUM SILICATE,293,,,,
MODIFIED STARCH,294,,,,
GENTISIC ACID,295,"InChI=1S/C7H6O4/c8-4-1-2-6(9)5(3-4)7(10)11/h1-3,8-9H,(H,10,11)",WXTMDXOMEHJXQO-UHFFFAOYSA-N,CHEMBL1461,3469
MACROGOL POLY (VINYL ALCOHOL) GRAFTED COPOLYMER,296,,,,
METACRESOL,297,"InChI=1S/C7H8O/c1-6-3-2-4-7(8)5-6/h2-5,8H,1H3",RLSSMJSEOOYNOY-UHFFFAOYSA-N,CHEMBL298312,342
POLYMETHACRYLATES,298,,,,
L-TARTARIC ACID,299,"InChI=1S/C4H6O6/c5-1(3(7)8)2(6)4(9)10/h1-2,5-6H,(H,7,8)(H,9,10)/t1-,2-/m1/s1",FEWJPZIEWOKRBE-JCYAYHJZSA-N,CHEMBL1236315,444305
POTASSIUM ALUMINIUM SILICATE,300,,,,
ISOMALT,301,"InChI=1S/C12H24O11/c13-1-4(15)7(17)8(18)5(16)3-22-12-11(21)10(20)9(19)6(2-14)23-12/h4-21H,1-3H2/t4?,5-,6-,7-,8-,9-,10+,11-,12+/m1/s1",SERLAGPUMNYUCK-BLEZHGCXSA-N,CHEMBL2104398,3034828
DISODIUM EDETATE DIHYDRATE,302,"InChI=1S/C10H16N2O8.2Na.2H2O/c13-7(14)3-11(4-8(15)16)1-2-12(5-9(17)18)6-10(19)20;;;;/h1-6H2,(H,13,14)(H,15,16)(H,17,18)(H,19,20);;;2*1H2/q;2*+1;;/p-2",OVBJJZOQPCKUOR-UHFFFAOYSA-L,CHEMBL3989507,
N-(13-CIS-RETINOYL)-L-CYSTEIC ACID METHYL ESTER SODIUM SALT,303,"InChI=1S/C24H35NO6S.Na/c1-17(12-13-20-19(3)11-8-14-24(20,4)5)9-7-10-18(2)15-22(26)25-21(23(27)31-6)16-32(28,29)30;/h7,9-10,12-13,15,21H,8,11,14,16H2,1-6H3,(H,25,26)(H,28,29,30);/q;+1/p-1/b10-7+,13-12+,17-9+,18-15-;/t21-;/m0./s1",UDNDGNMOQGQRJT-GPVFVYNBSA-M,,154824285
N-(ALL-TRANS-RETINOYL)-L-CYSTEIC ACID METHYL ESTER SODIUM SALT,304,"InChI=1S/C24H35NO6S.Na/c1-17(12-13-20-19(3)11-8-14-24(20,4)5)9-7-10-18(2)15-22(26)25-21(23(27)31-6)16-32(28,29)30;/h7,9-10,12-13,15,21H,8,11,14,16H2,1-6H3,(H,25,26)(H,28,29,30);/q;+1/p-1/b10-7+,13-12+,17-9+,18-15+;/t21-;/m0./s1",UDNDGNMOQGQRJT-LMEXKMPTSA-M,,154824283
SODIUM DIHYDROGEN PHOSPHATE,305,"InChI=1S/Na.H3O4P/c;1-5(2,3)4/h;(H3,1,2,3,4)/q+1;/p-1",AJPJDKMHJJGVTQ-UHFFFAOYSA-M,CHEMBL1368,
CALCIUM HYDROGEN PHOSPHATE DIHYDRATE,306,"InChI=1S/Ca.H3O4P.2H2O/c;1-5(2,3)4;;/h;(H3,1,2,3,4);2*1H2/q+2;;;/p-2",XAAHAAMILDNBPS-UHFFFAOYSA-L,,
DIETHYLENE GLYCOL MONOETHYL ETHER,307,"InChI=1S/C6H14O3/c1-2-8-5-6-9-4-3-7/h7H,2-6H2,1H3",XXJWXESWEXIICW-UHFFFAOYSA-N,CHEMBL1230841,8146
MALTOSE,308,"InChI=1S/C12H22O11/c13-1-3-5(15)6(16)9(19)12(22-3)23-10-4(2-14)21-11(20)8(18)7(10)17/h3-20H,1-2H2/t3-,4-,5-,6+,7-,8-,9-,10-,11-,12-/m1/s1",GUBGYTABKSRVRQ-QUYVBRFLSA-N,CHEMBL1908365,6255
SUCROSE LAURIC ACID ESTERS,309,,,,
AMMONIUM SULPHATE,310,"InChI=1S/2H3N.H2O4S/c;;1-5(2,3)4/h2*1H3;(H2,1,2,3,4)",BFNBIHQBYMNNAN-UHFFFAOYSA-N,CHEMBL2107724,
HYDROGENATED SOY PHOSPHATIDYLCHOLINE,311,,,,
HISTIDINE,312,"InChI=1S/C6H9N3O2/c7-5(6(10)11)1-4-2-8-3-9-4/h2-3,5H,1,7H2,(H,8,9)(H,10,11)/t5-/m0/s1",HNDVDQJCIGZPNO-YFKPBYRVSA-N,CHEMBL17962,
FULLY HYDROGENATED SOY PHOSPHATIDYLCHOLINE (HSPC),313,,,,
DIETHYL PHTHALATE,314,"InChI=1S/C12H14O4/c1-3-15-11(13)9-7-5-6-8-10(9)12(14)16-4-2/h5-8H,3-4H2,1-2H3",FLKPEMZONWLCSK-UHFFFAOYSA-N,CHEMBL388558,6781
HYPROMELLOSE PHTHALATE,315,,,,
DIBUTYLSEBACATE,316,"InChI=1S/C18H34O4/c1-3-5-15-21-17(19)13-11-9-7-8-10-12-14-18(20)22-16-6-4-2/h3-16H2,1-2H3",PYGXAGIECVVIOZ-UHFFFAOYSA-N,CHEMBL2106225,7986
POLYVINYLPYRROLIDONE-VINYL ACETATE COPOLYMER,317,,,,
GLYCEROL DIOLEATE,318,,,,
CALCIUM SULFATE DIHYDRATE,319,"InChI=1S/Ca.H2O4S.2H2O/c;1-5(2,3)4;;/h;(H2,1,2,3,4);2*1H2/q+2;;;/p-2",PASHVRUKOFIRIK-UHFFFAOYSA-L,,
DIPALMITOYLPHOSPHATIDYLCHOLINE (DPPC),320,,,,
CETYL ALCOHOL,321,"InChI=1S/C16H34O/c1-2-3-4-5-6-7-8-9-10-11-12-13-14-15-16-17/h17H,2-16H2,1H3",BXWNKGSJHAJOGX-UHFFFAOYSA-N,CHEMBL706,2682
MAIZE OIL MONO-DI-TRIGLYCERIDES,322,,,,
CYSTEINE HYDROCHLORIDE,323,"InChI=1S/C3H7NO2S.ClH/c4-2(1-7)3(5)6;/h2,7H,1,4H2,(H,5,6);1H",IFQSXNOEEPCSLW-UHFFFAOYSA-N,,
SORBITAN STEARATE,324,"InChI=1S/C24H46O6/c1-2-3-4-5-6-7-8-9-10-11-12-13-14-15-16-17-22(27)29-19-21(26)24-23(28)20(25)18-30-24/h20-21,23-26,28H,2-19H2,1H3",HVUMOYIDDBPOLL-UHFFFAOYSA-N,,3793749
ISOSTEARIC ACID,325,"InChI=1S/C18H36O2/c1-17(2)15-13-11-9-7-5-3-4-6-8-10-12-14-16-18(19)20/h17H,3-16H2,1-2H3,(H,19,20)",XDOFQFKRPWOURC-UHFFFAOYSA-N,CHEMBL1865303,21859
LAUROYL MACROGOLGLYCERIDES TYPE 1500,326,,,,
MALIC ACID,327,"InChI=1S/C4H6O5/c5-2(4(8)9)1-3(6)7/h2,5H,1H2,(H,6,7)(H,8,9)",BJEPYKJPYRNKOW-UHFFFAOYSA-N,CHEMBL1455497,
REFINED SESAME OIL,328,,,,
CHLOROPHYLLIN,329,,,,
MAGNESIUM OXIDE,330,InChI=1S/Mg.O,CPLXHLVBOLITMK-UHFFFAOYSA-N,CHEMBL1200572,14792
DPPA,331,"InChI=1S/C35H69O8P.Na/c1-3-5-7-9-11-13-15-17-19-21-23-25-27-29-34(36)41-31-33(32-42-44(38,39)40)43-35(37)30-28-26-24-22-20-18-16-14-12-10-8-6-4-2;/h33H,3-32H2,1-2H3,(H2,38,39,40);/q;+1/p-1/t33-;/m1./s1",BMBWFDPPCSTUSZ-MGDILKBHSA-M,,46891879
DIPALMITOYLPHOSPHATIDYLCHOLINE,332,"InChI=1S/C40H80NO8P/c1-6-8-10-12-14-16-18-20-22-24-26-28-30-32-39(42)46-36-38(37-48-50(44,45)47-35-34-41(3,4)5)49-40(43)33-31-29-27-25-23-21-19-17-15-13-11-9-7-2/h38H,6-37H2,1-5H3/t38-/m1/s1",KILNVBDSWZSGLL-KXQOOQHDSA-N,CHEMBL1200737,452110
MPEG5000 DPPE,333,,,,
CELLULOSE POWDERED,334,,,,
THREONINE,335,"InChI=1S/C4H9NO3/c1-2(6)3(5)4(7)8/h2-3,6H,5H2,1H3,(H,7,8)/t2-,3+/m1/s1",AYFVYJQAPQTCCC-GBXIJSLDSA-N,CHEMBL291747,
FLUOROPOLYMER-COATED POLYESTER,336,,,,
SILICONE ADHESIVES,337,,,,
FLUOROPOLYMER-COATED POLYESTER FILM,338,,,,
PALMITIC ACID,339,"InChI=1S/C16H32O2/c1-2-3-4-5-6-7-8-9-10-11-12-13-14-15-16(17)18/h2-15H2,1H3,(H,17,18)",IPCSVZSSVZVIGE-UHFFFAOYSA-N,CHEMBL82293,
DIPALMITOYLPHOSPHATIDYLGLYCEROL SODIUM,340,"InChI=1S/C38H75O10P/c1-3-5-7-9-11-13-15-17-19-21-23-25-27-29-37(41)45-33-36(34-47-49(43,44)46-32-35(40)31-39)48-38(42)30-28-26-24-22-20-18-16-14-12-10-8-6-4-2/h35-36,39-40H,3-34H2,1-2H3,(H,43,44)",BIABMEZBCHDPBV-UHFFFAOYSA-N,CHEMBL2286758,65144
CLEAR POLYESTER/ETHYLENE-VINYL ACETATE (PET/EVA),341,,,,
SILICONISED POLYESTER,342,,,,
DIMETHYL SULFOXIDE (DMSO),343,InChI=1S/C2H6OS/c1-4(2)3/h1-2H3,IAZDPXIOMUYVGZ-UHFFFAOYSA-N,CHEMBL504,679
CARMINIC ACID,344,"InChI=1S/C22H20O13/c1-4-8-5(2-6(24)9(4)22(33)34)13(25)10-11(15(8)27)16(28)12(18(30)17(10)29)21-20(32)19(31)14(26)7(3-23)35-21/h2,7,14,19-21,23-24,26,28-32H,3H2,1H3,(H,33,34)/t7-,14-,19+,20-,21+/m1/s1",DGQLVPJVXFOQEV-JNVSTXMASA-N,CHEMBL263094,10255083
PATENT BLUE V,345,"InChI=1S/2C27H32N2O7S2.Ca/c2*1-5-28(6-2)21-13-9-19(10-14-21)27(20-11-15-22(16-12-20)29(7-3)8-4)23-17-24(30)26(38(34,35)36)18-25(23)37(31,32)33;/h2*9-18H,5-8H2,1-4H3,(H2-,30,31,32,33,34,35,36);/q;;+2/p-2",RTMBGDBBDQKNNZ-UHFFFAOYSA-L,,
MACROGOL POLY(VINYL ALCOHOL) GRAFTED COPOLYMER,346,,,,
STRAWBERRY AROMA,347,,,,
PROPYLENE GLYCOL MONOLAURATE,348,,,,
TRIOLEIN,349,"InChI=1S/C57H104O6/c1-4-7-10-13-16-19-22-25-28-31-34-37-40-43-46-49-55(58)61-52-54(63-57(60)51-48-45-42-39-36-33-30-27-24-21-18-15-12-9-6-3)53-62-56(59)50-47-44-41-38-35-32-29-26-23-20-17-14-11-8-5-2/h25-30,54H,4-24,31-53H2,1-3H3/b28-25-,29-26-,30-27-",PHYFQTYBJUILEZ-IUPFWZBJSA-N,CHEMBL4297656,5497163
DIOLEOYLPHOSPHATIDYLCHOLINE (DOPC),350,"InChI=1S/C44H84NO8P/c1-6-8-10-12-14-16-18-20-22-24-26-28-30-32-34-36-43(46)50-40-42(41-52-54(48,49)51-39-38-45(3,4)5)53-44(47)37-35-33-31-29-27-25-23-21-19-17-15-13-11-9-7-2/h20-23,42H,6-19,24-41H2,1-5H3/b22-20-,23-21-",SNKAWJBJQDLSFF-YEUCEMRASA-N,,6437081
ETHYL PARAHYDROXYBENZOATE,351,"InChI=1S/C9H10O3/c1-2-12-9(11)7-3-5-8(10)6-4-7/h3-6,10H,2H2,1H3",NUVBSKCKDOMJSU-UHFFFAOYSA-N,CHEMBL15841,8434
COTTONSEED OIL,352,,,,
HYDROGENATED COTTONSEED OIL,353,,,,
ACRYLATE-VINYLACETATE COPOLYMER,354,,,,
DETOSU/TRIETHYLENE GLYCOL/TRIETHYLENE GLYCOL POLYGLYCOLIDE COPOLYMER,355,,,,
MALEIC ACID,356,"InChI=1S/C4H4O4/c5-3(6)1-2-4(7)8/h1-2H,(H,5,6)(H,7,8)/b2-1-",VZCYOOQTPOCHFL-UPHRSURJSA-N,CHEMBL539648,444266
PHOSPHATIDYLCHOLINE,357,,,,
SODIUM DIHYDROGEN CITRATE,358,"InChI=1S/C6H8O7.Na/c7-3(8)1-6(13,5(11)12)2-4(9)10;/h13H,1-2H2,(H,7,8)(H,9,10)(H,11,12);/q;+1/p-1",HWPKGOGLCKPRLZ-UHFFFAOYSA-M,,
POLYVINYL ACETATE,359,,,,
L-LYSINE,360,"InChI=1S/C6H14N2O2/c7-4-2-1-3-5(8)6(9)10/h5H,1-4,7-8H2,(H,9,10)/t5-/m0/s1",KDXKERNSBIXSRK-YFKPBYRVSA-N,CHEMBL8085,
POLYGLYCEROL OLEATE,361,,,,
METHYLMETHACRYLATE,362,"InChI=1S/C5H8O2/c1-4(2)5(6)7-3/h1H2,2-3H3",VVQNEPGJFQJSBK-UHFFFAOYSA-N,CHEMBL49996,6658
CORN MINT OIL,363,,,,
ETHYLENE VINYL ACETATE COPOLYMER,364,,,,
